"Title","Author","PublishedAt","Description","URL"
"The Terminator wants to sell you face cream: how AI influencers are taking over Instagram","Clem De Pressigny","2024-04-09T09:41:02Z","Sorry, Gen Z. The influencer market is getting saturated — and now AI influencers are picking up brand deals. But that may end up being a good thing.","https://www.businessinsider.com/gen-z-influencer-marketing-career-goal-ai-social-media-instagram-2024-4"
"Spotlight: Deluvia Offers a Unique Twist on Skincare and Cosmetics","Annie Pilon","2024-03-13T09:38:28Z","Deluvia Skincare and Cosmetics makes clean products with minerals from the Dead Sea, Aloe Vera, Manuka Honey, botanicals, and plant extract.","https://smallbiztrends.com/?p=1476869"
"Best Things to Make and Sell from Home in 2024","Samson Haileyesus","2024-04-02T19:00:35Z","Here's a guide to the top things to make and sell from home so you an start a business you can control and grow from the comfort of your home.","https://smallbiztrends.com/2024/04/things-to-make-and-sell-from-home-2.html"
"Here Are the Best Amazon Spring Sale Beauty Deals to Shop Right Now","Jasmin Sandal","2024-03-19T23:03:38Z","There’s never been a better time to save than during Amazon’s latest sale event, get up to 50% off best-selling makeup, grooming devices, hair care and more","http://www.rollingstone.com/product-recommendations/lifestyle/amazon-big-spring-sale-beauty-deals-1234989778/"
"Open Wide: 'Skinification' Is Coming For Your Mouth","N/A","2024-03-20T17:32:04Z","With the skinification of of oral care, brushing and flossing twice daily is no longer enough. Consumers are optimizing their dental routines with next-gen ingredients and packaging.","https://www.highsnobiety.com/p/skinification-of-oral-dental-care/"
"Why CeraVe, Velveeta and Bottega Veneta Are Putting the Paparazzi on Speed Dial","Rebecca Stewart","2024-04-05T10:00:00Z","While some A-listers shirk the paparazzi, others accept the press pack are part and parcel of show business. Some celebrities even stage their own photoshoots, inviting photographers to capture seemingly candid moments and shop them around the tabloids. Now a…","https://www.adweek.com/brand-marketing/why-cerave-velveeta-and-bottega-veneta-are-putting-the-paparazzi-on-speed-dial/"
"Can rice, beetroot powder and aloe vera help you achieve glowing skin?","Lifestyle Desk","2024-03-25T07:01:35Z","Confused about DIY skincare trends?  Experts weigh in on the benefits of rice, beetroot powder & aloe vera for glowing skin and how to safely integrate them into your routine for a radiant complexion.","https://indianexpress.com/article/lifestyle/life-style/skincare-diy-rice-beetroot-powder-aloe-vera-skin-glow-9222794/"
"GenAI And Holistic Beauty: A Guide To What’s Next In Beauty Tech","Sampo Parkkinen, Forbes Councils Member,   Sampo Parkkinen, Forbes Councils Member  https://www.forbes.com/sites/forbestechcouncil/people/sampoparkkinen/","2024-03-28T10:45:00Z","As we step into 2024 and beyond, these exciting trends and the integration of GenAI are ushering in a whole new era of beauty.","https://www.forbes.com/sites/forbestechcouncil/2024/03/28/genai-and-holistic-beauty-a-guide-to-whats-next-in-beauty-tech/"
"Therabody’s Tim Roberts Talks Using Technology To Make Living Better, Accessible Personal Health In Interview","Steven Aquino, Contributor,   Steven Aquino, Contributor  https://www.forbes.com/sites/stevenaquino/","2024-04-05T18:31:07Z","Therabody makes devices designed to aid people in wellness and other areas of personal health such as recovery and skincare.","https://www.forbes.com/sites/stevenaquino/2024/04/05/therabodys-tim-roberts-talks-using-technology-to-make-living-better-accessible-personal-health-in-interview/"
"These Are The Top Lip Trends For 2024, According To Experts","Jessica Ourisman, Contributor,   Jessica Ourisman, Contributor  https://www.forbes.com/sites/jessicaourisman/","2024-03-28T15:30:10Z","These are the top lip treatment, trends, and products to try in 2024, according to skin and aesthetic experts.","https://www.forbes.com/sites/jessicaourisman/2024/03/28/these-are-the-top-lip-trends-for-2024-according-to-experts/"
"How AI And AR Are Enhancing The Beauty Space","Jia Rizvi, Contributor,   Jia Rizvi, Contributor  https://www.forbes.com/sites/jiawertz/","2024-04-08T18:37:32Z","These groundbreaking innovations have not only changed how consumers interact with beauty products but have also revolutionized the way brands market and sell their of...","https://www.forbes.com/sites/jiawertz/2024/04/08/how-ai-and-ar-are-enhancing-the-beauty-space/"
"Breaking The Mold: Stand Out By Challenging Norms","Bora Celik, Forbes Councils Member,   Bora Celik, Forbes Councils Member  https://www.forbes.com/sites/forbesbusinesscouncil/people/boracelik/","2024-04-11T11:30:00Z","Innovation thrives on the edge of comfort zones.","https://www.forbes.com/sites/forbesbusinesscouncil/2024/04/11/breaking-the-mold-stand-out-by-challenging-norms/"
"The Founder's Touch: Using Personal Experience To Shape Your Brand","Bora Celik, Forbes Councils Member,   Bora Celik, Forbes Councils Member  https://www.forbes.com/sites/forbesbusinesscouncil/people/boracelik/","2024-03-13T12:30:00Z","Here's how the founders of six companies, each with a unique narrative, translated their personal passion into products that resonate deeply with consumers.","https://www.forbes.com/sites/forbesbusinesscouncil/2024/03/13/the-founders-touch-using-personal-experience-to-shape-your-brand/"
"Influencer Marketing 3.0: A Dive Into AI's Impact On Engagement","Chiranjiv Roy, Forbes Councils Member,   Chiranjiv Roy, Forbes Councils Member  https://www.forbes.com/sites/forbestechcouncil/people/chiranjivroy/","2024-03-12T14:00:00Z","While AI's prowess in content creation, especially video, introduces a new era of personalized engagement, we're still navigating its full spectrum of capabilities.","https://www.forbes.com/sites/forbestechcouncil/2024/03/12/influencer-marketing-30-a-dive-into-ais-impact-on-engagement/"
"Aussie Brands ‘Speed Dating’ And Live Streaming To Success With Alibaba","Jon Bird, Contributor,   Jon Bird, Contributor  https://www.forbes.com/sites/jonbird1/","2024-03-20T05:12:35Z","How to succeed in the second biggest consumer market in the world? Alibaba's E-Commerce Expo in Sydney provides a gateway to China and SE Asia for Australian brands.","https://www.forbes.com/sites/jonbird1/2024/03/20/aussie-brands-speed-dating-and-live-streaming-to-success-with-alibaba/"
"Dermatology Marketing: How To Navigate The Changing Landscape","Ajay Prasad, Forbes Councils Member,   Ajay Prasad, Forbes Councils Member  https://www.forbes.com/sites/forbesagencycouncil/people/ajayprasad1/","2024-03-13T11:15:00Z","Consumerism has taken over the healthcare industry, and dermatology is no exception.","https://www.forbes.com/sites/forbesagencycouncil/2024/03/13/dermatology-marketing-how-to-navigate-the-changing-landscape/"
"Redefining The Narrative Around Menopause: The Story Of Womaness","Angela Chan, Contributor,   Angela Chan, Contributor  https://www.forbes.com/sites/angelachan/","2024-03-30T12:52:41Z","Menopause is a natural phase in a woman's life, yet it has been overlooked and stigmatized for far too long.","https://www.forbes.com/sites/angelachan/2024/03/30/redefining-the-narrative-around-menopause-the-story-of-womaness/"
"The Power Of First Impressions: 5 Tips That Can Impact Your Business","Stephanie (Stifel) Coughlan, Forbes Councils Member,   Stephanie (Stifel) Coughlan, Forbes Councils Member  https://www.forbes.com/sites/forbesbusinesscouncil/people/stephaniecoughlan/","2024-04-08T13:30:00Z","Understanding the dynamics of first impressions and how to wield them effectively can significantly impact your success in business.","https://www.forbes.com/sites/forbesbusinesscouncil/2024/04/08/the-power-of-first-impressions-5-tips-that-can-impact-your-business/"
"55 Best Graduation Gifts In 2024, From Personalized To Practical","Samantha Simon, Contributor,   Samantha Simon, Contributor  https://www.forbes.com/sites/forbes-personal-shopper/people/samanthasimon/","2024-03-27T21:34:47Z","Celebrate your recent grad's achievements with one of these 55 best graduation gifts, carefully chosen by our expert gift editors.","https://www.forbes.com/sites/forbes-personal-shopper/2024/03/27/best-graduation-gifts/"
"The 44 Best Graduation Gifts To Mark The Special Milestone","Samantha Simon, Contributor,   Samantha Simon, Contributor  https://www.forbes.com/sites/forbes-personal-shopper/people/samanthasimon/","2024-03-15T16:47:41Z","Whether they’re saying goodbye to high school or college, send them off with one of the best graduation gifts of 2024, carefully chosen by our expert gift editors.","https://www.forbes.com/sites/forbes-personal-shopper/2024/03/15/best-graduation-gifts/"
"Why Jennifer Garner's Vital—""Not Viral""—Beauty Tips Will Influence You","Alyssa Morin","2024-03-27T17:53:52Z","Jennifer Garner's got a new alias: skincare guru. The 13 Going on 30 star recently offered her words of wisdom on aging and her refreshingly relatable approach to beauty. ""We should know how to...","https://www.eonline.com/news/1398281/why-jennifer-garners-vital-not-viral-beauty-tips-are-guaranteed-to-influence-you"
"A Beginner’s Guide to Business Marketing","N/A","2024-03-12T15:45:00Z","Learn the basics of business marketing. Including five foundational tips to set you up for success.","https://www.semrush.com/blog/business-marketing/"
"26 Types of Digital Advertising: The Ultimate List","N/A","2024-03-27T10:22:00Z","From search and social media ads to mobile ads, learn about various types of digital advertising campaigns.","https://www.semrush.com/blog/types-of-digital-advertising/"
"Video Marketing: The Ultimate Guide for 2024","N/A","2024-03-12T13:38:00Z","Interested in video marketing? Learn how to create your first marketing video in this step-by-step guide.","https://www.semrush.com/blog/video-marketing/"
"The Beauty Show Is Coming: Here's How You Can Get Into the Who What Wear Trend Salon","eleanor.vousden@futurenet.com (Eleanor Vousden)","2024-03-25T06:51:00Z","The Beauty Show 2024 is here, and if you're ready to discover the latest trends, best products and most exciting innovations in beauty, book your ticket here.","https://www.whowhatwear.com/the-beauty-show-2024"
"Sultry Vanilla Perfumes Are *It* for 2024—My Hot Take on 8 Favorites","Kaitlyn McLintock","2024-03-23T07:00:00Z","Sultry vanilla scents are in for 2024. Click here to see the 8 best ones, according to beauty editors.","https://www.whowhatwear.com/beauty/fragrance/sultry-vanilla-fragrance-trend"
"7 ""Outdated"" Beauty Products That Are Officially Making a Comeback in 2024","thatgracegirlblog@gmail.com (Grace Day)","2024-03-29T07:00:00Z","Discover the iconic beauty products that have started to resurface, proving just how well they stand the test of time.","https://www.whowhatwear.com/beauty/beauty-products-making-a-comeback-in-2024"
"Say Goodbye To Bags And Dark Circles With Our Favorite Under Eye Patches","Kayla Walden","2024-03-29T17:52:41Z","Looking tired from lack of sleep, insomnia, or endless scrolling til 2am? Me too! Which is why I've got some of our best picks for under-eye patches that'll make you look like a sleeping beauty who gets at LEAST 14 hours like our fave Dakota Johnson requires.…","https://www.brit.co/under-eye-patches/"
"From Dull to Dapper: How the Right Men’s Face Products Can Revolutionize Your Look in 2024","Kelly Larson","2024-03-20T15:05:53Z","When you look in the mirror, what do you see? And don’t get all existential on me—let’s keep things as surface-level as possible here. How are those pores looking? Any bags under your eyes? Taken a wrinkle inventory lately? Don’t...","https://www.fashionbeans.com/article/best-face-products-for-men/"
"The Ultimate Guide to Preppy Style for Men: A Timeless Aesthetic Revisited","FashionBeans Editors","2024-03-27T16:42:42Z","In the hallowed halls of Ivy League universities, amidst the rustling of heavy textbooks and the intellectual buzz of academic discourse, a distinct style quietly took root. This wasn’t just any fashion trend; it was preppy style, a sartorial choice...","https://www.fashionbeans.com/article/preppy-style"
"Old Money Style: A Timeless Approach to Menswear","Slider Slider","2024-04-10T12:43:01Z","Curious about the secrets of old money style but don’t have a Rockefeller-sized clothing budget? We’ve got you covered, old sport. Our team of sartorial sleuths has analyzed more than 200 legendary looks, grilled industry insiders, and dug deep into...","https://www.fashionbeans.com/article/old-money-style/"
"25 Best Men’s Grooming Products That Every Kempt Man Needs","Kelly Larson","2024-04-10T12:03:00Z","When I mention the ""best men’s grooming products,"" what’s the first thing that comes to mind? … So many things, right? Face washes. Exfoliating body washes. Eye creams. Anti-aging products. Anything and everything else that has to do with making...","https://www.fashionbeans.com/article/top-mens-grooming-products/"
"This Gentle La Roche-Posay Retinol Serum That Clears Acne and ‘Visibly Improves Wrinkles’ Is on Sale at Ulta Today","Fernando Snellings","2024-03-13T17:58:15Z","La Roche-Posay's retinol serum is a bestselling anti-aging serum that clears acne and smooths fine lines, and today it's on sale for under $40.","http://wwd.com/shop/shop-beauty/la-roche-posay-retinol-serum-deal-1236262562/"
"Why are early YouTube beauty videos so comforting?","Laura Molloy","2024-04-10T10:22:00Z","The circulation of old beauty vlogs on TikTok has led to collective mourning of simpler times... but were they really that good?","https://www.dazeddigital.com/beauty/article/62361/1/remember-the-comfortable-mundanity-of-early-beauty-youtube"
"I Ditched Heavy Foundations for the Radiance-Boosting E.l.f. Halo Glow Liquid Filter — Here’s Why It’s Worth the Hype","Olivia Cigliano","2024-03-20T14:40:00Z","One editor tested and reviewed the TikTok-famous E.l.f. Halo Glow Liquid Filter that provides a filter-like glow for a no-makeup makeup look.","http://wwd.com/shop/shop-beauty/elf-halo-glow-liquid-filter-1236270475/"
"[Removed]","N/A","1970-01-01T00:00:00Z","[Removed]","https://removed.com"
"[Removed]","N/A","1970-01-01T00:00:00Z","[Removed]","https://removed.com"
"20 High Quality Hand Creams for Dry, Cracked Skin","Fatima Gulzar","2024-03-20T20:46:38Z","In this article, we will discuss the 20 High Quality Hand Creams for Dry, Cracked Skin. You can skip our detailed analysis of the global hand cream industry ...","https://finance.yahoo.com/news/20-high-quality-hand-creams-204638296.html"
"8 Best Summer 2024 Nail Trends, According to Experts","Beth Gillette","2024-03-21T17:49:00Z","I asked a nail artist what the biggest summer 2024 nail trends will be, and she delivered, from trending shapes to summer colors to unique designs and finishes.","https://www.cosmopolitan.com/style-beauty/beauty/a60247579/summer-2024-nail-trends/"
"7 Best Summer 2024 Makeup Trends, According to Experts","Beth Gillette","2024-04-01T16:54:00Z","We're sharing the best summer 2024 makeup trends, according to runway shows and a celebrity makeup artist. Expect bright eyes, matte lips, and glowy skin.","https://www.cosmopolitan.com/style-beauty/beauty/a60321641/summer-2024-makeup-trends/"
"What Happens to the Stay-at-Home Girlfriend After a Breakup?","Erika W. Smith","2024-03-18T21:16:00Z","Stay-at-home girlfriend videos are going viral on TikTok, but what happens after a breakup? Cosmo talks to former SAHGs about rebuilding their lives.","https://www.cosmopolitan.com/sex-love/a60130675/stay-at-home-girlfriend-tik-tok-trend-breakups/"
"Interactive Posts: Steal these ideas and say goodbye to boring social media","Rhonda Bradley","2024-04-09T14:54:37Z","Have you ever dreamed about waking up to discover that your brand’s social media page went viral overnight?   Or that, within a few months, you were able to build a highly engaged audience that feels like a real community?   Social media success happens on di…","https://blog.aweber.com/learn/interactive-posts-for-social-media.htm"
"12 Best Festival Makeup Ideas to Copy for 2024","Beth Gillette","2024-04-08T18:35:00Z","Looking for festival makeup inspiration? We compiled the best trends for 2024, including rhinestones, glittery eyes, metallic lips, shimmery cheeks, and more.","https://www.cosmopolitan.com/style-beauty/beauty/a60410821/festival-makeup-ideas/"
"What to Do With Your Life in April—30 Ideas to Inspire the Ultimate Refresh","Isabelle Eyman","2024-04-01T20:59:06Z","Your chance to start entirely new. The post What to Do With Your Life in April—30 Ideas to Inspire the Ultimate Refresh appeared first on Camille Styles.","https://camillestyles.com/wellness/april-bucket-list/"
"30 Trends That People Voted As Highly Cringeworthy","Shanilou Perera","2024-03-26T13:42:53Z","Opinions on highly cringeworthy things people do that are way too normalised. The post 30 Trends That People Voted As Highly Cringeworthy appeared first on DeMilked.","https://www.demilked.com/highly-cringeworthy-trends/"
"25 Things That Can Seem Harmless But Are Dangerous According To Experts","Shanilou Perera","2024-03-12T13:53:08Z","Professionals share their expert opinions on 25 trends it would be wise to avoid. The post 25 Things That Can Seem Harmless But Are Dangerous According To Experts appeared first on DeMilked.","https://www.demilked.com/danger-advice-professional/"
"30+ Innovative Logo Designs: A Showcase of Modern Creativity","Muhammad Faisal","2024-04-03T19:42:21Z","Innovative logo designs transcend mere brand identification. They morph into potent narratives, weaving tales and forging a deep connection with the audience. Brands that unlock the power of this visual storytelling, coupled with a dash of trendsetting design…","https://graphicdesignjunction.com/2024/04/innovative-logo-designs/"
"Spring skincare, hair and beauty finds","Gretta Monahan","2024-03-21T04:40:01Z","From earth-friendly new face and body products to makeup color trends and iconic hair tools getting a huge refresh, opportunities to look your best are blooming.","https://www.bostonherald.com/2024/03/21/spring-skincare-hair-and-beauty-finds/"
"American Shows Difference in How She Does Her Makeup Now She Lives in Europe","Lollie Hancock","2024-03-20T17:00:24Z","Since moving to Paris from the US, the woman has stripped back her makeup routine. She took to Instagram to share the differences.","https://www.newsweek.com/makeup-differences-american-vs-french-1881339"
"The 21 Consumer Goods Companies That Are Earning More Americans' Trust","Jason Daniel Nuckolls","2024-04-11T19:18:44Z","These companies all appear on Newsweek's latest ranking of the Most Trustworthy Companies in America—and fared better than they did in last year's edition.","https://www.newsweek.com/21-consumer-goods-companies-that-are-earning-more-americans-trust-1888683"
"7 Fun Makeup Looks For Spring, Worn By Your Fave K-Pop Idols","sammilee","2024-03-14T09:24:56Z","Spring is around the corner, which means that warmer weather is finally coming! If you’re tired of the ""cold girl"" makeup trend or just want a refresh in general, here are some of the major makeup trends in K-pop you can recreate for yourself. New season, new…","https://www.soompi.com/article/1646120wpp/7-fun-makeup-looks-for-spring-worn-by-your-fave-k-pop-idols"
"How to Make Money on Pinterest: 4 Realistic Methods","Tommy Tindall","2024-03-20T19:24:45Z","You don't make money directly on Pinterest, but may be able to use it to promote your website or partner with brands for pay.","https://www.nerdwallet.com/article/finance/make-money-on-pinterest#article"
"Online is the new face of the booming beauty business","Ellen O'Regan","2024-03-15T06:00:00Z","Industry insiders say online business as much as tripled in size during the pandemic, fundamentally changing the sector","https://www.irishtimes.com/business/2024/03/15/online-is-the-new-face-of-the-booming-beauty-business/"
"Meet The Esthetician Behind New York’s Most Coveted Facial","Adi Giesey","2024-03-18T16:30:02Z","Have you ever discovered a new spot and immediately wanted to tell all your friends about it… but also selfishly gatekeep it for yourself? That’s how I feel about Ställe Studios, a skincare oasis hidden away on the edge of Soho with esthetician Elizabeth Grac…","https://coveteur.com/elizabeth-grace-hand-stalle-studios"
"Do kids still get allowances?","TheGrio Lifestyle","2024-03-13T18:32:59Z","Though Larsa Pippen gives her daughter a $2,500 monthly allowance, can the average American family afford and/or benefit from the […] The post Do kids still get allowances? appeared first on TheGrio.","http://thegrio.com/2024/03/13/do-kids-still-get-allowances/"
"Owners of Clarins, Courtin Family Diversifies Portfolio with Luxury Hotels","Joe Lim","2024-03-19T05:17:55Z","Renowned luxury hotel chain Evok collection sees strategic investment from the Courtin Family, who also owns beauty brand Clarins, in an effort to ""create unique experiences focused on well-being"". The post Owners of Clarins, Courtin Family Diversifies Portfo…","https://www.luxuo.com/homepage-slider/the-courtin-family-who-owns-clarins-invests-in-luxury-hotels.html"
"Owners of Clarins, Courtin Family Diversifies Portfolio with Luxury Hotels","Joe Lim","2024-03-19T05:17:55Z","Renowned luxury hotel chain Evok collection will now be owned by the Courtin Family, who also owns beauty brand Clarins, in an effort to ""create unique experiences focused on well-being"". The post Owners of Clarins, Courtin Family Diversifies Portfolio with L…","https://www.luxuo.com/properties/the-courtin-family-who-owns-clarins-invests-in-luxury-hotels.html"
"Sales-Focused Fashion Industry Turns to Beauty","Sanjeeva Suresh","2024-03-25T11:08:16Z","Utilising the ""lipstick effect"", can the power of perfumes and the blissful beauty industry overcome a slump in fashion sales?  The post Sales-Focused Fashion Industry Turns to Beauty appeared first on LUXUO.","https://www.luxuo.com/homepage-slider/sales-focused-fashion-industry-turns-to-beauty.html"
"Achieve Peak Wellness At Home With Get Golden Founder Jenelle Manzi","Annie Goodman","2024-03-14T11:00:17Z","WHEN CEO & FOUNDER Jenelle Manzi's Get Golden organic nut + seed bars came across our proverbial desks, we had to know more about this former professional ballerina-turned-wellness extraordinaire. Jenelle began her professional ballet career at age 16, travel…","http://thechalkboardmag.com/wellness-at-home-get-golden-founder/"
"Rejection motivates me to be better – Toluwani George","Faith Ajayi","2024-03-16T23:03:36Z","Background I attended Glory Academy for my primary and secondary education. I went on to bag a degree in Adult Education/Political Science from the University of Ibadan. To be honest, the course I studied was not by choice. The plan was to transfer to another…","https://punchng.com/rejection-motivates-me-to-be-better-toluwani-george/"
"Don’t wait for Prime Day — We found the 100+ best deals at Amazon’s Big Spring Sale","Victoria Giardina","2024-03-20T10:30:00Z","Spring into savings ASAP!","https://nypost.com/shopping/best-amazon-big-spring-sale-deals-2024/"
"Gen Z would ‘rather die hot than live ugly’ as they revive tanning bed trend","Brooke Kato","2024-03-15T15:20:55Z","Gen Z youths are bringing back tanning, much to the chagrin of older generations who learned too late of the damages inflicted by sunbeds, UV rays and tanning oils.","https://nypost.com/2024/03/15/lifestyle/gen-z-would-rather-die-hot-than-live-ugly-revive-tanning-beds/"
"‘RHODubai’ star Lesa Milan: How I got Beyoncé, Khloé Kardashian and Rihanna to wear my maternity line","Evan Real","2024-04-03T23:57:17Z","""The key in fashion is to reach out to the stylist,"" the Bravolebrity tells Page Six Style, explaining that persistent DMs helped her succeed in securing A-list brand support.","https://pagesix.com/2024/04/03/style/rhodubai-star-lesa-milan-on-beyonce-rihanna-wearing-mina-roe-maternity-line/"
"The magic formula of celeb-owned brands","Meenakshi Verma Ambwani","2024-04-01T04:23:37Z","Bollywood stars are hitting the jackpot with successful brand collaborations in the booming beauty and personal care industry. But celebs aren’t restricting themselves to the beauty segment alone. They are monetising their popularity with business ventures in…","https://www.thehindubusinessline.com/catalyst/the-magic-formula-of-celeb-owned-brands/article68014989.ece"
"Startups sync and swim with new investors","Pranav Mukul","2024-04-08T00:31:00Z","Startups witness a shift in investment trends. Domestic investors, family offices, and public market investors like ValueQuest and Singularity Ventures actively back ventures. Investment landscape changes as global funds retreat, and founders turn to investme…","https://economictimes.indiatimes.com/tech/startups/startups-sync-and-swim-with-new-investors/articleshow/109117375.cms"
"Premiumization, omnichannel trends, diversity to shape marketing in India: Kantar report","Suneera Tandon","2024-03-12T12:13:09Z","This shift, alongside an increase in digital marketing and e-commerce, reflects the diverse preferences of a youthful demographic and an affluent, value-conscious consumer base","https://www.livemint.com/industry/premiumization-omnichannel-trends-diversity-to-shape-marketing-in-india-kantar-report-11710241065006.html"
"K-beauty trends 2024: Beyond glass skin","Sushmita Jha","2024-03-15T06:49:24Z","Korean skincare trends, led by K-beauty, drive beauty evolution with innovation, inclusivity, and sustainability. From unique products to custom routines, K-beauty reshapes the industry, celebrating diversity and setting new skincare standards for the future.","https://timesofindia.indiatimes.com/life-style/beauty/k-beauty-trends-2024-beyond-glass-skin/articleshow/108515557.cms"
"How Ipsy Keeps Customers In the Know and Ahead of Beauty Trends","adweek.com","2024-03-12T21:22:08Z","Everyone has their favorite skincare and makeup products, but how do you keep up with the latest trends and discover new products before they become popular? Ipsy is a personalized beauty membership service that can help with that. Ipsy is a powerful marketin…","https://biztoc.com/x/e246aaafb3d22c32"
"Global Premium Skincare Products Market Set to Reach $78.7 Billion by 2030 Amid Rising Consumer Interest in Luxury Beauty","Research and Markets","2024-03-15T09:15:00Z","Dublin, March 15, 2024 (GLOBE NEWSWIRE) -- The ""Premium Skincare Products: Global Strategic Business Report"" report has been added to ResearchAndMarkets.com's offering.New York, NY – The premium skincare sector is witnessing a significant surge in growth with…","https://www.globenewswire.com/news-release/2024/03/15/2846872/28124/en/Global-Premium-Skincare-Products-Market-Set-to-Reach-78-7-Billion-by-2030-Amid-Rising-Consumer-Interest-in-Luxury-Beauty.html"
"Global Skincare Packaging Market Valuation Set to Total US$ 25,590.3 Million by 2034 Amid Rising Demand for Skincare Products Globally | Future Market Insights Inc.","Future Market Insights Global and Consulting Pvt. Ltd.","2024-04-01T14:30:00Z","Germany is one of the leading skincare packaging markets across Europe and is poised to grow at 1.3% CAGR through 2034. This is attributable to flourishing cosmetics industry in the country, booming e-commerce, and growing popularity of natural and organic sk…","https://www.globenewswire.com/news-release/2024/04/01/2855267/0/en/Global-Skincare-Packaging-Market-Valuation-Set-to-Total-US-25-590-3-Million-by-2034-Amid-Rising-Demand-for-Skincare-Products-Globally-Future-Market-Insights-Inc.html"
"American shows difference in how she does her makeup now she's in Europe","newsweek.com","2024-03-20T17:10:07Z","French women are forever at the center of the fashion and beauty world, whether you're looking to embrace their effortlessly chic style or want to hit a French pharmacy to stock up on skincare. While there's no denying the French have influenced many trends, …","https://biztoc.com/x/aa8e8335d0d1c669"
"Global Ceramide Skincare Market to reach a valuation of US$ 739.4 million by 2034 | Future Market Insights Inc.","Future Market Insights Global and Consulting Pvt. Ltd.","2024-03-27T00:30:00Z","Increasing environmental and sustainability awareness, coupled with a global aging population, will propel the demand for clean and sustainable ceramide skincare products. Consumers are seeking eco-friendly options to address aging skin concerns, driving the …","https://www.globenewswire.com/news-release/2024/03/27/2852860/0/en/Global-Ceramide-Skincare-Market-to-reach-a-valuation-of-US-739-4-million-by-2034-Future-Market-Insights-Inc.html"
"Global Vitamin A Market Trends and Forecasts to 2029: Growing Demand for Natural and Organic Vitamin A","Research and Markets","2024-03-26T09:07:00Z","Dublin, March 26, 2024 (GLOBE NEWSWIRE) -- The ""Global Vitamin A Market: Analysis By Type, By Product, By Application, By Region Size,Trends and Forecast to 2029"" report has been added to ResearchAndMarkets.com's offering.The global vitamin A market value sto…","https://www.globenewswire.com/news-release/2024/03/26/2852163/28124/en/Global-Vitamin-A-Market-Trends-and-Forecasts-to-2029-Growing-Demand-for-Natural-and-Organic-Vitamin-A.html"
"Global Skin Toner Analysis Report 2024: Market Value to Reach $1.73 Billion by 2029, Driven by Surging Preference for Organic Skincare Products and Growing Influence of Social Media","Research and Markets","2024-03-20T10:41:00Z","Dublin, March 20, 2024 (GLOBE NEWSWIRE) -- The ""Global Skin Toner Market: Analysis By Type, By Category, By Distribution Channel, By Region Size and Trends with Impact Analysis of COVID-19 and Forecast up to 2029"" report has been added to ResearchAndMarkets.c…","https://www.globenewswire.com/news-release/2024/03/20/2849195/28124/en/Global-Skin-Toner-Analysis-Report-2024-Market-Value-to-Reach-1-73-Billion-by-2029-Driven-by-Surging-Preference-for-Organic-Skincare-Products-and-Growing-Influence-of-Social-Media.html"
"Earnings call: Ulta Beauty's skincare drives Q4 growth, Mexico expansion planned","Investing.com","2024-03-15T15:31:37Z","Earnings call: Ulta Beauty's skincare drives Q4 growth, Mexico expansion planned","https://www.investing.com/news/stock-market-news/earnings-call-ulta-beautys-skincare-drives-q4-growth-mexico-expansion-planned-93CH-3340315"
"Korea Cosmetics (K-Beauty) Market Analysis Report 2024-2029: Increasing Popularity Of K-content, Growing Emergence of Smaller Brands, Rise Of ODMs, and Increasing Influence Of Social Media","Research and Markets","2024-04-03T11:26:00Z","Dublin, April 03, 2024 (GLOBE NEWSWIRE) -- The ""Korea Cosmetics (K-Beauty) Market: Analysis By Type, By Category, By Distribution Channel, By Exports, By Production, Size and Trends with Impact of COVID-19 and Forecast up to 2029"" report has been added to Res…","https://www.globenewswire.com/news-release/2024/04/03/2856812/28124/en/Korea-Cosmetics-K-Beauty-Market-Analysis-Report-2024-2029-Increasing-Popularity-Of-K-content-Growing-Emergence-of-Smaller-Brands-Rise-Of-ODMs-and-Increasing-Influence-Of-Social-Med.html"
"Snail Mucin Skincare Market Soars: Forecasting a 6.5% CAGR Growth by 2034 | Future Market Insights, Inc.","Future Market Insights Global and Consulting Pvt. Ltd.","2024-03-22T00:30:00Z","The snail mucin skincare market is booming, driven by its natural healing properties. Consumers seek its hydrating, anti-aging benefits, fueling its rapid growth globally. The snail mucin skincare market is booming, driven by its natural healing properties. C…","https://www.globenewswire.com/news-release/2024/03/22/2850720/0/en/Snail-Mucin-Skincare-Market-Soars-Forecasting-a-6-5-CAGR-Growth-by-2034-Future-Market-Insights-Inc.html"
"Global Anti-acne Dermal Patch Market is expected to advance at a 6.5% CAGR by 2034, attaining a valuation of US$ 1.1 billion | Future Market Insights Inc.","Future Market Insights Global and Consulting Pvt. Ltd.","2024-03-19T00:30:00Z","Regulatory-approved anti-acne dermal patches offer consumers confidence in both efficacy and safety. Such approval not only assures quality but also drives market expansion by influencing consumer trust. Regulatory assistance plays a pivotal role in shaping t…","https://www.globenewswire.com/news-release/2024/03/19/2848255/0/en/Global-Anti-acne-Dermal-Patch-Market-is-expected-to-advance-at-a-6-5-CAGR-by-2034-attaining-a-valuation-of-US-1-1-billion-Future-Market-Insights-Inc.html"
"Emollient Market to Attain US$ 2.9 Billion at 5.6% CAGR by 2034: Fact.MR Analysis","FACT.MR","2024-04-09T11:00:00Z","Clean beauty movement driving demand for natural and sustainable emollients. Clean beauty movement driving demand for natural and sustainable emollients.","https://www.globenewswire.com/news-release/2024/04/09/2859823/0/en/Emollient-Market-to-Attain-US-2-9-Billion-at-5-6-CAGR-by-2034-Fact-MR-Analysis.html"
"Global Skin Care Supplements Market Size, Share & Trends Analysis Report 2024-2030, with Profiles of Amway, Hum Nutrition, Nestle, Meiji, Plix The Plant Fix, Perricone MD, TCH and Vitabiotics","Research and Markets","2024-04-09T15:21:00Z","Dublin, April 09, 2024 (GLOBE NEWSWIRE) -- The ""Global Skin Care Supplements Market Size, Share & Trends Analysis Report by Product Type (Oral Supplements, Topical Supplements), Content Type, Formulation, Application, Gender, Distribution Channel, Region, and…","https://www.globenewswire.com/news-release/2024/04/09/2860202/28124/en/Global-Skin-Care-Supplements-Market-Size-Share-Trends-Analysis-Report-2024-2030-with-Profiles-of-Amway-Hum-Nutrition-Nestle-Meiji-Plix-The-Plant-Fix-Perricone-MD-TCH-and-Vitabiotic.html"
"Elevai Labs Launches E-commerce Portal to Support Rapid Growth as Stem Cell Exosome Disruptor in the $19.7 Billion Global Physician Dispensed Cosmeceutical Market","GlobeNewswire","2024-03-18T12:31:36Z","ELEVAI Physician-Dispensed Skincare Now Available Direct to Consumers NEWPORT BEACH, Calif., March 18, 2024 (GLOBE NEWSWIRE) — ELEVAI LABS, INC., (NASDAQ: ELAB) a medical aesthetic company specializing in physician-dispensed skin care, is proud to announce th…","https://financialpost.com/globe-newswire/elevai-labs-launches-e-commerce-portal-to-support-rapid-growth-as-stem-cell-exosome-disruptor-in-the-19-7-billion-global-physician-dispensed-cosmeceutical-market"
"Medical Spa Market Projected to Surpass US$ 70,648.2 Million by 2034, with a 6.80% CAGR Growth Forecast | Future Market Insights, Inc.","Future Market Insights Global and Consulting Pvt. Ltd.","2024-03-14T14:30:00Z","Rapid growth in medical spas driven by wellness awareness, non-invasive procedures & aging population. Challenges include regulatory hurdles & competition, yet market thrives on preventive healthcare trends Rapid growth in medical spas driven by wellness awar…","https://www.globenewswire.com/news-release/2024/03/14/2846439/0/en/Medical-Spa-Market-Projected-to-Surpass-US-70-648-2-Million-by-2034-with-a-6-80-CAGR-Growth-Forecast-Future-Market-Insights-Inc.html"
"A2 Milk Analysis Report 2024: Global Market to Reach $47.8 Billion by 2032, Driven by Expansion into Skincare and Cosmetic Products and Rising Lactose Intolerances","Research and Markets","2024-03-18T09:54:00Z","Dublin, March 18, 2024 (GLOBE NEWSWIRE) -- The ""A2 Milk Market Report by End-Use (Liquid Milk, Infant Formula, and Others), Distribution Channel (Supermarkets and Hypermarkets, Convenience and Grocery Stores, Online/Non-Store Retailing, and Others), and Regio…","https://www.globenewswire.com/news-release/2024/03/18/2847589/28124/en/A2-Milk-Analysis-Report-2024-Global-Market-to-Reach-47-8-Billion-by-2032-Driven-by-Expansion-into-Skincare-and-Cosmetic-Products-and-Rising-Lactose-Intolerances.html"
"Waldencast regains Nasdaq compliance, faces monitoring","Investing.com","2024-03-25T21:13:46Z","Waldencast regains Nasdaq compliance, faces monitoring","https://www.investing.com/news/stock-market-news/waldencast-regains-nasdaq-compliance-faces-monitoring-93CH-3352342"
"Piper Sandler maintains price target on Kenvue shares, cites brand growth","Investing.com","2024-04-09T17:45:34Z","Piper Sandler maintains price target on Kenvue shares, cites brand growth","https://www.investing.com/news/company-news/piper-sandler-maintains-price-target-on-kenvue-shares-cites-brand-growth-93CH-3371829"
"[Latest] India Cosmetic Market Size/Share Worth USD 18.4 Billion by 2032 at a 3.2% CAGR: Custom Market Insights (Analysis, Outlook, Leaders, Report, Trends, Forecast, Segmentation, Growth, Growth Rate, Value)","CMI MARKET RESEARCH PRIVATE LIMITED","2024-03-21T16:30:00Z","[220+ Pages Latest Report] According to a market research study published by Custom Market Insights, the demand analysis of India Cosmetic Market size & share revenue was valued at approximately USD 5.9 Billion in 2022 and is expected to reach USD 8.1 Billion…","https://www.globenewswire.com/news-release/2024/03/21/2850454/0/en/Latest-India-Cosmetic-Market-Size-Share-Worth-USD-18-4-Billion-by-2032-at-a-3-2-CAGR-Custom-Market-Insights-Analysis-Outlook-Leaders-Report-Trends-Forecast-Segmentation-Growth-Grow.html"
"Waldencast Regains Compliance with Nasdaq Filing Requirements","Waldencast plc.","2024-03-25T21:05:00Z","WHITE PLAINS, N.Y., March 25, 2024 (GLOBE NEWSWIRE) -- Waldencast plc, (NASDAQ: WALD) (""Waldencast""), a global multi-brand beauty and wellness platform, announced that on March 21, 2024 the Company received formal notice from the Nasdaq Hearings Panel (the ""P…","https://www.globenewswire.com/news-release/2024/03/25/2852030/0/en/Waldencast-Regains-Compliance-with-Nasdaq-Filing-Requirements.html"
"Waldencast Regains Compliance with Nasdaq Filing Requirements","N/A","2024-03-25T21:05:04Z","(marketscreener.com) WHITE PLAINS, N.Y., March 25, 2024 -- Waldencast plc, , a global multi-brand beauty and wellness platform, announced that on March 21, 2024 the Company received formal notice from the Nasdaq Hearings Panel confirming that it has regained …","https://www.marketscreener.com/quote/stock/WALT-ACQU-122525450/news/Waldencast-Regains-Compliance-with-Nasdaq-Filing-Requirements-46279635/"
"Synthetic Beta-Carotene Market is Forecasted to Reach US$ 433.6 Million by 2034, States Fact.MR","FACT.MR","2024-03-27T08:00:00Z","Advancements in Production Technologies Leading to Development of Enhanced and Cost-Effective Synthetic Beta-Carotene Advancements in Production Technologies Leading to Development of Enhanced and Cost-Effective Synthetic Beta-Carotene","https://www.globenewswire.com/news-release/2024/03/27/2852944/0/en/Synthetic-Beta-Carotene-Market-is-Forecasted-to-Reach-US-433-6-Million-by-2034-States-Fact-MR.html"
"Phenoxyethanol Market is expected to reach US$ 2,364 million by 2034, rising at a 3.10% CAGR - FMI Estimate","Future Market Insights Global and Consulting Pvt. Ltd.","2024-04-03T18:00:00Z","The surge in demand for natural and organic products fuels the adoption of plant-derived phenoxyethanol alternatives. The United State phenoxyethanol market is forecasted to experience a remarkable compound annual growth rate (CAGR) of 14.80%. The surge in de…","https://www.globenewswire.com/news-release/2024/04/03/2857292/0/en/Phenoxyethanol-Market-is-expected-to-reach-US-2-364-million-by-2034-rising-at-a-3-10-CAGR-FMI-Estimate.html"
"Personal Care and Cosmetics Preservatives Market to Thrive with Progressive and Natural Solutions Amidst Regulatory Shifts","Research and Markets","2024-03-20T09:02:00Z","Dublin, March 20, 2024 (GLOBE NEWSWIRE) -- The ""Global Personal Care and Cosmetics Preservatives Growth Opportunities"" report has been added to ResearchAndMarkets.com's offering.","https://www.globenewswire.com/news-release/2024/03/20/2849159/28124/en/Personal-Care-and-Cosmetics-Preservatives-Market-to-Thrive-with-Progressive-and-Natural-Solutions-Amidst-Regulatory-Shifts.html"
"Infrastructure Building Projects Drive the Demand of Bucket Market: Expected to Grow at a CAGR of 2% until 2034, predict FMI’s Analysts","Future Market Insights Global and Consulting Pvt. Ltd.","2024-03-29T12:30:00Z","The bucket market is predominantly utilized in infrastructure development projects in the United States. The market substantially includes the construction of roads, bridges, commercial buildings, and residential complexes. Buckets are commonly employed for e…","https://www.globenewswire.com/news-release/2024/03/29/2854726/0/en/Infrastructure-Building-Projects-Drive-the-Demand-of-Bucket-Market-Expected-to-Grow-at-a-CAGR-of-2-until-2034-predict-FMI-s-Analysts.html"
"Waldencast Reports First Half 2023 Results","Waldencast plc.","2024-03-21T02:00:00Z","—  H1’23 Total Net Revenue of $109.3 million—  H1’23 Combined Adjusted EBITDA of $13.9 million up from $7.6 million in H1’22—  Introduces guidance   ...","https://www.globenewswire.com/news-release/2024/03/21/2849892/0/en/Waldencast-Reports-First-Half-2023-Results.html"
"Waldencast Reports First Half 2023 Results","N/A","2024-03-21T02:01:05Z","(marketscreener.com) —  H1’23 Total Net Revenue of $109.3 million—  H1’23 Combined Adjusted EBITDA of $13.9 million up from $7.6 million in H1’22—  Introduces guidance WHITE PLAINS, N.Y., March 20, 2024 -- Waldencast plc , a global multi-brand beauty and well…","https://www.marketscreener.com/quote/stock/WALT-ACQU-122525450/news/Waldencast-Reports-First-Half-2023-Results-46247553/"
"Nylon in Personal Care & Cosmetics Market To Reach USD 4.4 Billion By 2032 - DataHorizzon Research","DataHorizzon Research","2024-04-07T09:30:00Z","Global Cosmetics Industry to Gain Traction Due to Growing Demand for Nylon in Personal Care & Cosmetics. Global Cosmetics Industry to Gain Traction Due to Growing Demand for Nylon in Personal Care & Cosmetics.","https://www.globenewswire.com/news-release/2024/04/07/2858822/0/en/Nylon-in-Personal-Care-Cosmetics-Market-To-Reach-USD-4-4-Billion-By-2032-DataHorizzon-Research.html"
"Global Personal Care Chemicals Market Size is projected to reach USD 19.29 billion by 2031, growing at a CAGR of 3.94%: Straits Research","Straits Research Private Limited - Reed Intelligence","2024-03-21T13:40:00Z","According to Straits Research, ""The global personal care chemicals market size was valued at USD 13.63 billion in 2022. It is estimated to reach USD 19.29 billion by 2031, growing at a CAGR of 3.94% during the forecast period (2023–2031)."" According to Strait…","https://www.globenewswire.com/news-release/2024/03/21/2850317/0/en/Global-Personal-Care-Chemicals-Market-Size-is-projected-to-reach-USD-19-29-billion-by-2031-growing-at-a-CAGR-of-3-94-Straits-Research.html"
"Colour Cosmetics Market Poised to Reach US$116 Bn by 2030, Estimates Fairfield Market Research","Fairfield Consultancy Services OPC Pvt Ltd","2024-04-10T14:01:00Z","Influenced by Evolving Consumer Preferences and Increasing demand for personalized beauty solutions, the Global Market for Colour Cosmetics is Projected to Experience Continued Growth in the Coming Years Influenced by Evolving Consumer Preferences and Increas…","https://www.globenewswire.com/news-release/2024/04/10/2860862/0/en/Colour-Cosmetics-Market-Poised-to-Reach-US-116-Bn-by-2030-Estimates-Fairfield-Market-Research.html"
"AMWC 2024: Galderma to Share New Data From Its Leading Injectable Aesthetic Portfolio","Business Wire","2024-03-19T06:09:13Z","Galderma’s diverse portfolio and educational efforts will be highlighted in 16 posters, and two sponsored symposia, exploring insights from the ground-breaking ‘NEXT by Galderma’ future aesthetic trends report and the use of Sculptra® for the body, as we cele…","https://financialpost.com/pmn/business-wire-news-releases-pmn/amwc-2024-galderma-to-share-new-data-from-its-leading-injectable-aesthetic-portfolio"
"MarketingPulse and eTailingPulse attract 1600 industry professionals","InvestorsObserver","2024-03-14T00:39:00Z","MarketingPulse and eTailingPulse attract 1600 industry professionals           PR Newswire             Some 80 renowned speakers from around the world focus on         hot topics in marketing and e-commerce           The parallel   MarketingPulse   and...","https://www.investorsobserver.com/news/qm-pr/8249053091495283"
"Brands Set Sights on Multibillion-Dollar TikTok Commerce Opportunity Despite Uncertainty","PYMNTS","2024-04-02T21:26:39Z","Even as the future of TikTok hangs in the balance, brands continue to leverage the platform’s wide audience of young consumers to drive engagement and sales. E.l.f. Beauty, for instance, announced Friday (March 29) that its e.l.f. Cosmetics business was the f…","https://www.pymnts.com/news/social-commerce/2024/brands-set-sights-on-multibillion-dollar-tiktok-commerce-opportunity-despite-uncertainty/"
